tercile,category,example_task
Top,Inventory and Stock Management,Inventory stock and requisition new stock.
Top,Customer and Market Research,"Identify or monitor current and potential customers, using business intelligence tools."
Top,Sales Presentations and Client Engagement,Develop sales presentations or proposals to explain service specifications.
Top,Marketing Strategy and Campaign Execution,"Conduct online marketing initiatives, such as paid ad placement, affiliate programs, sponsorship programs, email promotions, or viral marketing campaigns on social media websites."
Top,Sales Administration and Reporting,Prepare sales slips or sales contracts.
Middle,Sales Operations and Management,"Manage sales team, including setting goals, providing incentives, and evaluating employee performance."
Middle,Negotiation and Contract Management,Negotiate prices or terms of sales or service agreements.
Middle,Product Development and Merchandising,"Plan and prepare advertising and promotional material to increase sales of products or services, working with customers, company officials, sales departments, and advertising agencies."
Middle,Customer Interaction and Inquiry Handling,"Answer customers' questions about products, prices, availability, product uses, and credit terms."
Middle,Technical Support and Equipment Solutions,"Provide technical and non-technical support and services to clients or other staff members regarding the use, operation, and maintenance of equipment."
Bottom,Technical and Analytical Tasks,Develop mathematical or statistical models of phenomena to be used for analysis or for computational simulation.
Bottom,Research and Development,Direct and coordinate product research and development.
Bottom,Sales and Service Supervision,"Direct and supervise employees engaged in sales, inventory-taking, reconciling cash receipts, or performing services for customers."
Bottom,Operational and Equipment Handling,Operate machines to test functioning of parts or mechanisms.
Bottom,Customer-Focused Commercial Activities,Formulate pricing policies on merchandise according to profitability requirements.
